TAG,T0,T1,T2,T3,T4,T5,T6,y
AFI,0.0228249194414607,0.2070354457572502,0.3818474758324382,0.2747046186895811,0.0002685284640171,0.1130504833512352,0.0002685284640171,1
AFI,0.0067740901074234,0.0039682539682539,0.0494227994227994,0.1765271765271765,0.0311848645181978,0.4422398589065256,0.2898829565496232,1
AFI,0.1273291925465839,0.0005175983436853,0.1997929606625259,0.3338509316770186,0.025879917184265,0.0150103519668737,0.2976190476190476,1
AFI,0.2085181898846495,0.1277728482697427,0.090505767524401,0.2023070097604259,0.1433007985803017,0.0004436557231588,0.2271517302573203,1
AFI,0.0004290004290004,0.3938223938223938,0.1926211926211926,0.2706992706992707,0.0004290004290004,0.0004290004290004,0.1415701415701416,1
AFI,0.0925280681378242,0.3120402632597755,0.3012001548586914,0.2388695315524584,0.0030971738288811,0.0220673635307781,0.0301974448315911,1
AFI,0.1150886584141853,0.2040816326530612,0.1502174640347942,0.4008029441284711,0.0518568082970893,0.0003345600535296,0.0776179324188691,1
AFI,0.0511609602518693,0.0800865800865801,0.1186540731995277,0.3307752853207399,0.0484061393152302,0.0773317591499409,0.2935852026761118,1
AFI,0.2162373145979703,0.1779859484777517,0.1615925058548009,0.429352068696331,0.0003903200624512,0.0003903200624512,0.0140515222482435,1
AFI,0.1188508461235734,0.2896497441951987,0.1160960251869343,0.1711924439197167,0.016922471467926,0.0003935458480913,0.2868949232585596,1
AFI,0.1568831168831169,0.0477922077922077,0.1277922077922078,0.5096103896103896,0.0005194805194805,0.0187012987012987,0.1387012987012987,1
AFI,0.0195545898967952,0.2058663769690386,0.472026072786529,0.1374253123302553,0.095600217273221,0.0005431830526887,0.068984247691472,1
AFI,0.0006802721088435,0.491156462585034,0.2435374149659864,0.0578231292517006,0.2054421768707483,0.0006802721088435,0.0006802721088435,1
AFI,0.0004746084480303,0.2562885619364025,0.4855244423350735,0.0204081632653061,0.0702420503084955,0.0901756051257712,0.0768865685809207,1
AFI,0.0726461038961039,0.5570211038961039,0.1734983766233766,0.1152597402597403,0.0598620129870129,0.000202922077922,0.0215097402597402,1
AFI,0.0005807200929152,0.1387921022067364,0.321718931475029,0.1550522648083624,0.264808362369338,0.0371660859465737,0.0818815331010452,1
AFI,0.0374275171323141,0.3547706905640485,0.1001581444385872,0.2071692145492884,0.2588297311544544,0.0411175540326831,0.0005271481286241,1
AFI,0.069172932330827,0.3533834586466165,0.0586466165413533,0.2902255639097744,0.069172932330827,0.0218045112781954,0.137593984962406,1
AFI,0.0342009685230024,0.487590799031477,0.2333535108958838,0.188861985472155,0.0553874092009685,0.0003026634382566,0.0003026634382566,1
AFI,0.0004189359028068,0.2350230414746544,0.1059907834101383,0.5781315458734814,0.0590699622957687,0.006284038542103,0.0150816925010473,1
AFI,0.0531328320802005,0.2776942355889724,0.1092731829573935,0.4145363408521303,0.0706766917293233,0.0426065162907268,0.0320802005012531,1
AFI,0.025175644028103,0.2587822014051522,0.0784543325526932,0.2382903981264637,0.2218969555035129,0.0087822014051522,0.1686182669789227,1
AFI,0.0002834467120181,0.147108843537415,0.1530612244897959,0.1729024943310657,0.1292517006802721,0.139172335600907,0.2582199546485261,1
AFI,0.0025740025740025,0.0025740025740025,0.2052767052767053,0.2841055341055341,0.0341055341055341,0.0949163449163449,0.3764478764478764,1
AFI,0.0397869674185463,0.3665413533834586,0.2985588972431077,0.2020676691729323,0.0200501253132832,0.0046992481203007,0.0682957393483709,1
AFI,0.2179866765358993,0.2128053293856403,0.3242042931162102,0.1039970392301999,0.1350851221317543,0.0003700962250185,0.0055514433752775,1
AFI,0.0365748709122203,0.3076592082616179,0.2474182444061962,0.3046471600688468,0.0877796901893287,0.0154905335628227,0.0004302925989672,1
AFI,0.101078167115903,0.0664869721473495,0.2205750224618149,0.3746630727762803,0.0004492362982929,0.0633423180592991,0.1734052111410602,1
AFI,0.0288970288970289,0.4619454619454619,0.1172161172161172,0.1485551485551486,0.0146520146520146,0.026048026048026,0.2026862026862027,1
AFI,0.024234693877551,0.1581632653061225,0.1670918367346939,0.6492346938775511,0.0004251700680272,0.0004251700680272,0.0004251700680272,1
AFI,0.1771832407874811,0.08884401817264,0.2089853609288238,0.3538616860171631,0.0040383644623927,0.0075719333669863,0.1595153962645129,1
AFI,0.0609152752009894,0.3228200371057514,0.160482374768089,0.2362399505256648,0.0977118119975263,0.0003092145949288,0.1215213358070501,1
AFI,0.0169290169290169,0.1562221562221562,0.2601722601722601,0.4119394119394119,0.0002970002970002,0.0522720522720522,0.1021681021681022,1
AFI,0.0814046288906624,0.0897845171588188,0.620510774142059,0.0003990422984836,0.131683958499601,0.00877893056664,0.067438148443735,1
AFI,0.0322981366459627,0.4149068322981366,0.1105590062111801,0.0120082815734989,0.1511387163561077,0.1018633540372671,0.1772256728778468,1
AFI,0.0331632653061224,0.0331632653061224,0.4736394557823129,0.3516156462585034,0.0004251700680272,0.0778061224489796,0.0301870748299319,1
AFI,0.0524461839530332,0.1592954990215264,0.0990215264187867,0.2168297455968689,0.1154598825831703,0.0003913894324853,0.3565557729941292,1
AFI,0.0476190476190476,0.4198412698412698,0.1087301587301587,0.2976190476190476,0.1170634920634921,0.0031746031746031,0.0059523809523809,1
AFI,0.000322476620445,0.0657852305707836,0.1380199935504676,0.2824895195098355,0.0386971944534021,0.072557239600129,0.4021283456949371,1
AFI,0.0817245817245817,0.2033462033462033,0.1628056628056628,0.2303732303732304,0.0006435006435006,0.0006435006435006,0.3204633204633204,1
AFI,0.016378525932666,0.4144676979071883,0.1628753412192903,0.3380345768880801,0.0577797998180163,0.0004549590536851,0.0100090991810737,1
AFI,0.194240542066629,0.1072840203274986,0.1665725578769057,0.4076792772444946,0.0005646527385657,0.0242800677583286,0.0993788819875776,1
AFI,0.0880721220527045,0.2579750346740638,0.5298196948682385,0.0006934812760055,0.0055478502080443,0.0006934812760055,0.1171983356449376,1
AFI,0.0365783410138248,0.4297235023041475,0.1313364055299539,0.2865783410138249,0.103110599078341,0.0002880184331797,0.0123847926267281,1
AFI,0.0004478280340349,0.0443349753694581,0.4487236901030004,0.3107926556202418,0.0850873264666368,0.0474697716077026,0.0631437527989252,1
AFI,0.1887755102040816,0.0134508348794063,0.2634508348794063,0.2699443413729128,0.0004638218923933,0.0134508348794063,0.2504638218923933,1
AFI,0.1068616422947132,0.1186726659167604,0.2013498312710911,0.390326209223847,0.0005624296962879,0.1265466816647919,0.0556805399325084,1
AFI,0.1078619367209971,0.4199424736337488,0.0910834132310642,0.2454458293384468,0.0139022051773729,0.0038350910834132,0.1179290508149569,1
AFI,0.0098874872144561,0.3058302079781793,0.3201500170473918,0.0600068189566996,0.0003409478349812,0.0433003750426184,0.2604841459256734,1
AFI,0.0009398496240601,0.4154135338345865,0.0009398496240601,0.4483082706766917,0.0930451127819548,0.0140977443609022,0.0272556390977443,1
AFI,0.0004436557231588,0.1960958296362023,0.1464063886424135,0.2613132209405501,0.3203194321206743,0.074977817213842,0.0004436557231588,1
AFI,0.0003276539973787,0.0163826998689384,0.2159239842726081,0.3030799475753604,0.0186762778505897,0.2663826998689384,0.1792267365661861,1
AFI,0.0771103896103896,0.4719967532467532,0.1566558441558442,0.1964285714285714,0.0969967532467532,0.0004058441558441,0.0004058441558441,1
AFI,0.046759941089838,0.1498527245949926,0.5287187039764359,0.046759941089838,0.0003681885125184,0.0854197349042709,0.142120765832106,1
AFI,0.0003322259136212,0.0166112956810631,0.2491694352159468,0.432890365448505,0.0003322259136212,0.0189368770764119,0.2817275747508305,1
AFI,0.1361985472154964,0.6446731234866828,0.1234866828087167,0.0217917675544794,0.0006053268765133,0.0302663438256658,0.0429782082324455,1
AFI,0.0290249433106575,0.0702947845804988,0.2385487528344671,0.3306122448979592,0.073469387755102,0.0068027210884353,0.2512471655328798,1
AFI,0.0878220140515222,0.3391881342701015,0.2271662763466042,0.2736143637782982,0.0003903200624512,0.0003903200624512,0.0714285714285714,1
AFI,0.0443121693121693,0.3892195767195767,0.0304232804232804,0.2619047619047619,0.1207010582010582,0.0003306878306878,0.1531084656084656,1
AFI,0.131683958499601,0.0339185953711093,0.3104549082202713,0.1624102154828412,0.0646448523543495,0.1903431763766959,0.1065442936951317,1
AFI,0.0669330669330669,0.0879120879120879,0.2977022977022977,0.1403596403596404,0.0424575424575424,0.0074925074925074,0.3571428571428572,1
AFI,0.1468392234942758,0.2862120457939273,0.2165256346441015,0.2234942757590841,0.0980587356893977,0.0004977600796416,0.0283723245395719,1
AFI,0.1192321889996309,0.1812476928755998,0.2846068660022149,0.2794389073458841,0.1166482096714655,0.0003691399040236,0.0184569952011812,1
AFI,0.0547057298418459,0.0002592688618096,0.2616022815659839,0.0002592688618096,0.0891884884625356,0.1581540057039149,0.4358309567021001,1
AFI,0.025062656641604,0.1548872180451128,0.1057644110275689,0.5197994987468672,0.000501253132832,0.000501253132832,0.193483709273183,1
AFI,0.0180013847219016,0.1068543734133395,0.113316408954535,0.446111239326102,0.1698592199399954,0.0664666512808677,0.0793907223632587,1
AFI,0.021340697966357,0.0459452673863921,0.2568415767009792,0.2709013306552849,0.0494602058749686,0.0002510670348983,0.3552598543811197,1
AFI,0.1424880029531193,0.2277593207825766,0.2923588039867109,0.2587670727205611,0.0520487264673311,0.002953119232189,0.023624953857512,1
AFI,0.0644376899696048,0.0006079027355623,0.1623100303951368,0.0303951367781155,0.643161094224924,0.0559270516717325,0.043161094224924,1
AFI,0.0307219662058371,0.2206861239119303,0.1543778801843318,0.330005120327701,0.0701484895033282,0.0360983102918586,0.1579621095750128,1
AFI,0.0097478991596638,0.2356302521008403,0.1673949579831933,0.3838655462184874,0.0215126050420168,0.0615126050420168,0.1203361344537815,1
AFI,0.0838407494145199,0.2920374707259953,0.2903981264637002,0.1822014051522248,0.1215456674473068,0.0297423887587822,0.0002341920374707,1
AFI,0.0529695024077046,0.0642054574638844,0.0567148207597645,0.5585874799357945,0.1615837346174425,0.0679507758159443,0.0379882289994649,1
AFI,0.1310751104565538,0.055473735886107,0.1688757977417771,0.357879234167894,0.0279823269513991,0.0039273441335297,0.2547864506627393,1
AFI,0.0005760368663594,0.0731566820276497,0.1255760368663595,0.1658986175115207,0.0973502304147465,0.2021889400921659,0.3352534562211981,1
AFI,0.127437641723356,0.0893424036281179,0.4956916099773243,0.0417233560090703,0.0607709750566893,0.0099773242630385,0.1750566893424036,1
AFI,0.0535318340196389,0.2353500158378207,0.3218245169464681,0.0845739626227431,0.2929996832435857,0.0003167564143173,0.011403230915426,1
AFI,0.283047619047619,0.067047619047619,0.1523809523809524,0.2297142857142857,0.1630476190476191,0.0323809523809523,0.0723809523809523,1
AFI,0.0609304240428159,0.1733223548785509,0.2828324413338822,0.1128036228900782,0.0494030465212021,0.2050226430629889,0.1156854672704817,1
AFI,0.0704272363150867,0.0003337783711615,0.1171562082777036,0.3998664886515353,0.0003337783711615,0.1872496662216288,0.2246328437917223,1
AFI,0.0616649537512846,0.0508735868448098,0.34224049331963,0.1156217882836588,0.1228160328879754,0.040082219938335,0.2667009249743063,1
AFI,0.0479591836734693,0.0003401360544217,0.164625850340136,0.3836734693877551,0.0931972789115646,0.264625850340136,0.045578231292517,1
AFI,0.0608146873207114,0.0005737234652897,0.3298909925415949,0.3298909925415949,0.0005737234652897,0.0005737234652897,0.2776821572002295,1
AFI,0.0556432517758484,0.1440410418310971,0.4644830307813733,0.0722178374112075,0.000394632991318,0.0142067876874506,0.2490134175217048,1
AFI,0.1068645640074212,0.1380333951762523,0.5614100185528756,0.0886827458256029,0.0159554730983302,0.0341372912801484,0.0549165120593692,1
AFI,0.0677705044281863,0.1432422025413939,0.1055063534847901,0.3750481324605314,0.000385059684251,0.078552175587216,0.2294955718136311,1
AFI,0.0091896407685881,0.2138680033416875,0.178780284043442,0.4974937343358396,0.0618212197159565,0.0004177109440267,0.0384294068504594,1
AFI,0.0003033060357901,0.0788595693054291,0.2232332423415226,0.0321504397937518,0.0788595693054291,0.2911737943585077,0.2954200788595693,1
AFI,0.1742581090407177,0.0752242926155969,0.18391994478951,0.2660455486542443,0.0220841959972394,0.0486542443064182,0.2298136645962733,1
AFI,0.112312030075188,0.056390977443609,0.2603383458646616,0.3228383458646616,0.0531015037593985,0.1781015037593985,0.0169172932330827,1
AFI,0.0484927916120576,0.0553735255570118,0.4567496723460026,0.190694626474443,0.0003276539973787,0.0416120576671035,0.2067496723460026,1
AFI,0.1363862618218019,0.0597312095569935,0.3315082130413141,0.2548531607765057,0.0841214534594325,0.0004977600796416,0.1329019412643106,1
AFI,0.005079365079365,0.0584126984126984,0.4850793650793651,0.2761904761904762,0.0273015873015873,0.0006349206349206,0.1473015873015873,1
AFI,0.0800627943485086,0.1432496075353218,0.5416012558869702,0.0828100470957613,0.0196232339089481,0.0992935635792778,0.0333594976452119,1
AFI,0.0343580470162748,0.1778179626280892,0.5280289330922242,0.0006027727546714,0.0849909584086799,0.076552139843279,0.0976491862567811,1
NEG,0.3747758517632995,0.0002988643156007,0.1425582785415421,0.226240286909743,0.1551105797967723,0.0839808726838015,0.0170352659892408,0
NEG,0.2969806219017576,0.0004506534474988,0.3758449752140604,0.0099143758449752,0.0162235241099594,0.1077061739522307,0.1928796755295178,0
NEG,0.1614481409001957,0.1066536203522505,0.0792563600782778,0.2744618395303327,0.12720156555773,0.1922700587084149,0.0587084148727984,0
NEG,0.4025682182985554,0.0632423756019261,0.1171749598715891,0.1036918138041734,0.1486356340288925,0.1149277688603531,0.0497592295345104,0
NEG,0.2223719676549865,0.0006738544474393,0.1704851752021563,0.0148247978436657,0.0242587601078167,0.5053908355795148,0.0619946091644204,0
NEG,0.2898465171192444,0.0005903187721369,0.0005903187721369,0.1700118063754427,0.0956316410861865,0.3476977567886659,0.0956316410861865,0
NEG,0.0255487585462396,0.0003598416696653,0.1237855343648795,0.0482187837351565,0.174163368118028,0.413458078445484,0.2144656351205469,0
NEG,0.1598845598845599,0.0366522366522366,0.1275613275613276,0.1619047619047619,0.2992784992784993,0.2144300144300144,0.0002886002886002,0
NEG,0.3496103896103896,0.0841558441558441,0.3568831168831169,0.0696103896103896,0.0005194805194805,0.1387012987012987,0.0005194805194805,0
NEG,0.1885902876001886,0.1852899575671853,0.181989627534182,0.04007543611504,0.0004714757190004,0.3503064592173503,0.0532767562470532,0
NEG,0.0758590879619624,0.0092932785822347,0.1409120380376054,0.3390966068727037,0.0123189971904041,0.1499891938621137,0.272530797492976,0
NEG,0.1677681748856126,0.025419420437214,0.1891204880528724,0.1037112353838332,0.0005083884087442,0.3029994916115912,0.2104728012201322,0
NEG,0.4177489177489178,0.001082251082251,0.1601731601731602,0.001082251082251,0.0616883116883116,0.1298701298701299,0.2283549783549783,0
NEG,0.2340272792534099,0.0355348169418521,0.3596554199569275,0.0330222541277817,0.113424264178033,0.1234745154343144,0.1008614501076813,0
NEG,0.0513755386145177,0.0420947961551209,0.30195558501823,0.1465031488233345,0.0072920119323831,0.2857142857142857,0.1650646337421279,0
NEG,0.0277185501066098,0.0103056147832267,0.1247334754797441,0.1794598436389481,0.271499644633973,0.3660270078180526,0.0202558635394456,0
NEG,0.4355701934952655,0.1012762453684644,0.2338410868670235,0.130094689172499,0.0004116920543433,0.0983944009880609,0.0004116920543433,0
NEG,0.0482691370063383,0.000487567040468,0.2155046318868845,0.1335933690882496,0.0892247684056557,0.5124329595319356,0.000487567040468,0
NEG,0.1316281971303805,0.0006238303181534,0.1665626949469744,0.1796631316281971,0.0006238303181534,0.3063006862133499,0.214597629444791,0
NEG,0.36435124508519,0.073831367409349,0.162516382699869,0.0065530799475753,0.1533420707732635,0.1564001747487986,0.0830056793359545,0
NEG,0.2053298383573613,0.1594582787243338,0.346002621231979,0.0065530799475753,0.1319353429445173,0.09217999126256,0.0585408475316732,0
NEG,0.1478405315614618,0.0741971207087486,0.2059800664451827,0.1207087486157254,0.1710963455149502,0.1904761904761905,0.0897009966777408,0
NEG,0.1395502645502645,0.121031746031746,0.3802910052910053,0.0978835978835978,0.1580687830687831,0.0423280423280423,0.0608465608465608,0
NEG,0.017396643471142,0.0274252967662709,0.0790012279983626,0.1492018010642653,0.0575112566516578,0.4285714285714286,0.2408923454768727,0
NEG,0.0476190476190476,0.0476190476190476,0.7142857142857143,0.0476190476190476,0.0476190476190476,0.0476190476190476,0.0476190476190476,0
NEG,0.1209122203098107,0.1450086058519794,0.2564543889845095,0.0365748709122203,0.1901893287435456,0.1088640275387263,0.1419965576592083,0
NEG,0.0184331797235023,0.0005120327700972,0.1725550435227855,0.0686123911930363,0.0793650793650793,0.6205837173579108,0.0399385560675883,0
NEG,0.1491045397750937,0.1199500208246564,0.2453144523115368,0.1257809246147439,0.0033319450229071,0.0791336942940441,0.2773844231570179,0
NEG,0.2883500263574064,0.0005271481286241,0.1296784396415393,0.1702688455455983,0.0743278861360042,0.3363205060622035,0.0005271481286241,0
NEG,0.0176518883415435,0.0636288998357963,0.1843185550082102,0.1268472906403941,0.1498357963875205,0.3394909688013136,0.1182266009852217,0
NEG,0.1677018633540373,0.1459627329192547,0.1437888198757764,0.0307453416149068,0.0850931677018633,0.4090062111801242,0.0177018633540372,0
NEG,0.3679653679653679,0.0005411255411255,0.3187229437229437,0.0156926406926407,0.2316017316017316,0.0005411255411255,0.0649350649350649,0
NEG,0.2623245771860381,0.0507376754228139,0.028067650233897,0.3630802446923354,0.0129543001079525,0.0608132421734436,0.2220223101835192,0
NEG,0.2319706017455213,0.026182820395039,0.2416169039963252,0.1001378043178686,0.3284336242535599,0.071198897565457,0.0004593477262287,0
NEG,0.3315637065637065,0.0207528957528957,0.3518339768339768,0.013996138996139,0.0004826254826254,0.2166988416988417,0.0646718146718146,0
NEG,0.2015826738858809,0.0004164931278633,0.1316118284048313,0.014993752603082,0.1141191170345689,0.5106205747605165,0.0266555601832569,0
NEG,0.5072393822393823,0.0004826254826254,0.1761583011583012,0.0579150579150579,0.0781853281853281,0.0004826254826254,0.1795366795366795,0
NEG,0.2427958307786634,0.0153280196198651,0.0496627835683629,0.0732679337829552,0.1397915389331698,0.2964438994481913,0.1827099938687921,0
NEG,0.3919674631418403,0.0396542958820538,0.4026436197254702,0.0076258261311642,0.0432130147432638,0.0325368581596339,0.0823589222165734,0
NEG,0.0984802431610942,0.094224924012158,0.2984802431610942,0.2006079027355623,0.0516717325227963,0.0346504559270516,0.2218844984802432,0
NEG,0.1424162257495591,0.1238977072310406,0.164021164021164,0.0436507936507936,0.1362433862433862,0.1887125220458554,0.201058201058201,0
NEG,0.1637852593266606,0.1319381255686988,0.1765241128298453,0.0151653017895056,0.3230209281164695,0.1170761298149833,0.0724901425538368,0
NEG,0.2417164584464965,0.002172732210755,0.1390548614883216,0.0706137968495383,0.2151004888647474,0.3025529603476371,0.028788701792504,0
NEG,0.3822605965463108,0.0278649921507064,0.3080847723704866,0.1020408163265306,0.0470957613814756,0.0278649921507064,0.1047880690737834,0
NEG,0.3127669672520171,0.0037968675842429,0.0768865685809207,0.1532985287138111,0.0004746084480303,0.2097769340294257,0.242999525391552,0
NEG,0.059065934065934,0.0013736263736263,0.260989010989011,0.4821428571428572,0.0013736263736263,0.1552197802197802,0.0398351648351648,0
NEG,0.1623376623376623,0.1310876623376623,0.3896103896103896,0.0174512987012987,0.1452922077922078,0.1538149350649351,0.0004058441558441,0
NEG,0.4445309458933437,0.0003892565200467,0.1775009731413001,0.1584274036590113,0.0848579213701829,0.0249124172829894,0.1093810821331257,0
NEG,0.3505494505494505,0.1043956043956044,0.2197802197802198,0.1428571428571429,0.1005494505494506,0.0005494505494505,0.0813186813186813,0
NEG,0.3159588159588159,0.1132561132561132,0.0952380952380952,0.2033462033462033,0.0456885456885456,0.1673101673101673,0.0592020592020592,0
NEG,0.0553496712492528,0.0001195457262402,0.0670651524208009,0.1306634787806336,0.1917513448894202,0.4126718469814704,0.1423789599521817,0
NEG,0.4407704654895666,0.0317817014446227,0.2025682182985554,0.1149277688603531,0.1306581059390048,0.0115569823434992,0.067736757624398,0
NEG,0.17345546677061,0.0383940752290001,0.1980120834145391,0.1216137205223153,0.0779575131553303,0.2730461898265445,0.1175209510816605,0
NEG,0.18984337921215,0.1200759373516849,0.2396772662553393,0.0735643094447081,0.3526340768865686,0.0237304224015187,0.0004746084480303,0
NEG,0.1252747252747253,0.0021978021978021,0.3560439560439561,0.0021978021978021,0.4945054945054945,0.0021978021978021,0.0175824175824175,0
NEG,0.3703571428571428,0.0003571428571428,0.0553571428571428,0.0928571428571428,0.0003571428571428,0.2703571428571429,0.2103571428571429,0
NEG,0.3468406593406593,0.0247252747252747,0.2218406593406594,0.1401098901098901,0.0776098901098901,0.1256868131868132,0.0631868131868131,0
NEG,0.2017343678685532,0.0835235052487448,0.3199452304883615,0.0004564125969876,0.1346417161113647,0.1985394796896394,0.0611592879963487,0
NEG,0.5004638218923934,0.0004638218923933,0.1335807050092764,0.2472170686456401,0.0037105751391465,0.0783858998144712,0.036178107606679,0
NEG,0.1648916636063165,0.0003672420124862,0.2934263679764965,0.1520381931692986,0.0029379360998898,0.3037091443261109,0.0826294528094014,0
NEG,0.2891022021456804,0.1112365894974591,0.2179559570863919,0.1151891586674195,0.2653867871259176,0.0005646527385657,0.0005646527385657,0
NEG,0.6409523809523809,0.0342857142857142,0.0542857142857142,0.0009523809523809,0.0009523809523809,0.0742857142857142,0.1942857142857143,0
NEG,0.4826711749788673,0.0950972104818258,0.1276415891800507,0.1453930684699916,0.062552831783601,0.0092983939137785,0.077345731191885,0
NEG,0.0292908530318602,0.0184994861253854,0.6372045220966084,0.0940390544707091,0.1300102774922919,0.0904419321685508,0.000513874614594,0
NEG,0.3388210302708444,0.0042485395645246,0.0711630377057886,0.1455124800849708,0.1417950079660117,0.219861922464153,0.0785979819437068,0
NEG,0.0058869701726844,0.0003924646781789,0.0690737833594976,0.0416012558869701,0.173469387755102,0.2751177394034537,0.434458398744113,0
NEG,0.0733671339099314,0.135997614076946,0.1568744407992842,0.1735759021771548,0.1902773635550253,0.2508201610498061,0.019087384431852,0
NEG,0.0967108492881688,0.0245459008345606,0.2410407461953853,0.1310751104565538,0.2547864506627393,0.0211094747177221,0.2307314678448699,0
NEG,0.0901909150757077,0.1017116524028966,0.2653061224489796,0.0763660302830809,0.1685319289005925,0.0556287030941408,0.2422646477946017,0
NEG,0.3878571428571428,0.0003571428571428,0.2503571428571428,0.0203571428571428,0.0328571428571428,0.1103571428571429,0.1978571428571428,0
NEG,0.2439975990396158,0.0003001200480192,0.1263505402160864,0.0213085234093637,0.0738295318127251,0.4267707082833133,0.1074429771908764,0
NEG,0.4126984126984127,0.0515873015873015,0.3941798941798942,0.0284391534391534,0.1117724867724868,0.0006613756613756,0.0006613756613756,0
NEG,0.2269253380364492,0.0417401528512639,0.3668430335097002,0.0005878894767783,0.0582010582010582,0.1693121693121693,0.1363903586125808,0
NEG,0.1098366353840806,0.0100799443865137,0.1560653458463677,0.0392770246784845,0.0636079249217935,0.4529023288147376,0.1682307959680222,0
NEG,0.3809523809523809,0.0509860509860509,0.0375180375180375,0.024050024050024,0.1486291486291486,0.3001443001443002,0.0577200577200577,0
NEG,0.2868998221695317,0.0130409010077059,0.2329579134558388,0.0088915234143449,0.0337877889745109,0.0005927682276229,0.4238292827504446,0
