T0,T1,T2,T3,T4,T5,T6,TAG,y
0.3679653679653679,0.0005411255411255411,0.3187229437229437,0.0156926406926407,0.2316017316017316,0.0005411255411255411,0.06493506493506493,NEG,0
0.3878571428571428,0.0003571428571428571,0.2503571428571428,0.02035714285714285,0.03285714285714286,0.1103571428571429,0.1978571428571428,NEG,0
0.05564325177584846,0.1440410418310971,0.4644830307813733,0.07221783741120757,0.0003946329913180742,0.01420678768745067,0.2490134175217048,AFI,1
0.0531328320802005,0.2776942355889724,0.1092731829573935,0.4145363408521303,0.07067669172932331,0.04260651629072681,0.03208020050125313,AFI,1
0.4826711749788673,0.09509721048182587,0.1276415891800507,0.1453930684699916,0.062552831783601,0.009298393913778529,0.07734573119188504,NEG,0
0.1316281971303805,0.0006238303181534623,0.1665626949469744,0.1796631316281971,0.0006238303181534623,0.3063006862133499,0.214597629444791,NEG,0
0.02423469387755102,0.1581632653061225,0.1670918367346939,0.6492346938775511,0.0004251700680272109,0.0004251700680272109,0.0004251700680272109,AFI,1
0.1273291925465839,0.0005175983436853001,0.1997929606625259,0.3338509316770186,0.02587991718426501,0.01501035196687371,0.2976190476190476,AFI,1
0.2883500263574064,0.0005271481286241433,0.1296784396415393,0.1702688455455983,0.07432788613600422,0.3363205060622035,0.0005271481286241433,NEG,0
0.06081468732071141,0.0005737234652897303,0.3298909925415949,0.3298909925415949,0.0005737234652897303,0.0005737234652897303,0.2776821572002295,AFI,1
0.1424162257495591,0.1238977072310406,0.164021164021164,0.04365079365079365,0.1362433862433862,0.1887125220458554,0.201058201058201,NEG,0
0.5072393822393823,0.0004826254826254826,0.1761583011583012,0.05791505791505791,0.07818532818532818,0.0004826254826254826,0.1795366795366795,NEG,0
0.5004638218923934,0.0004638218923933209,0.1335807050092764,0.2472170686456401,0.003710575139146567,0.07838589981447124,0.03617810760667903,NEG,0
0.1677018633540373,0.1459627329192547,0.1437888198757764,0.03074534161490683,0.08509316770186336,0.4090062111801242,0.01770186335403727,NEG,0
0.000429000429000429,0.3938223938223938,0.1926211926211926,0.2706992706992707,0.000429000429000429,0.000429000429000429,0.1415701415701416,AFI,1
0.1468392234942758,0.2862120457939273,0.2165256346441015,0.2234942757590841,0.09805873568939771,0.0004977600796416127,0.02837232453957193,AFI,1
0.3496103896103896,0.08415584415584415,0.3568831168831169,0.06961038961038961,0.0005194805194805195,0.1387012987012987,0.0005194805194805195,NEG,0
0.0003322259136212624,0.01661129568106312,0.2491694352159468,0.432890365448505,0.0003322259136212624,0.01893687707641196,0.2817275747508305,AFI,1
0.36435124508519,0.07383136740934906,0.162516382699869,0.00655307994757536,0.1533420707732635,0.1564001747487986,0.08300567933595457,NEG,0
0.03072196620583717,0.2206861239119303,0.1543778801843318,0.330005120327701,0.07014848950332822,0.03609831029185868,0.1579621095750128,AFI,1
0.1677681748856126,0.02541942043721403,0.1891204880528724,0.1037112353838332,0.0005083884087442806,0.3029994916115912,0.2104728012201322,NEG,0
0.4177489177489178,0.001082251082251082,0.1601731601731602,0.001082251082251082,0.06168831168831168,0.1298701298701299,0.2283549783549783,NEG,0
0.2898465171192444,0.0005903187721369539,0.0005903187721369539,0.1700118063754427,0.09563164108618653,0.3476977567886659,0.09563164108618653,NEG,0
0.02902494331065759,0.07029478458049887,0.2385487528344671,0.3306122448979592,0.07346938775510203,0.006802721088435374,0.2512471655328798,AFI,1
0.08782201405152226,0.3391881342701015,0.2271662763466042,0.2736143637782982,0.00039032006245121,0.00039032006245121,0.07142857142857142,AFI,1
0.01955458989679522,0.2058663769690386,0.472026072786529,0.1374253123302553,0.09560021727322107,0.0005431830526887561,0.06898424769147203,AFI,1
0.02554875854623965,0.0003598416696653472,0.1237855343648795,0.04821878373515653,0.174163368118028,0.413458078445484,0.2144656351205469,NEG,0
0.1424880029531193,0.2277593207825766,0.2923588039867109,0.2587670727205611,0.05204872646733111,0.002953119232189,0.023624953857512,AFI,1
0.4445309458933437,0.0003892565200467108,0.1775009731413001,0.1584274036590113,0.08485792137018294,0.02491241728298949,0.1093810821331257,NEG,0
0.3747758517632995,0.0002988643156007172,0.1425582785415421,0.226240286909743,0.1551105797967723,0.08398087268380156,0.01703526598924088,NEG,0
0.18984337921215,0.1200759373516849,0.2396772662553393,0.07356430944470811,0.3526340768865686,0.02373042240151875,0.0004746084480303749,NEG,0
0.0004436557231588287,0.1960958296362023,0.1464063886424135,0.2613132209405501,0.3203194321206743,0.07497781721384206,0.0004436557231588287,AFI,1
0.127437641723356,0.0893424036281179,0.4956916099773243,0.0417233560090703,0.06077097505668934,0.009977324263038548,0.1750566893424036,AFI,1
0.03742751713231418,0.3547706905640485,0.1001581444385872,0.2071692145492884,0.2588297311544544,0.04111755403268318,0.0005271481286241433,AFI,1
0.02134069796635702,0.04594526738639217,0.2568415767009792,0.2709013306552849,0.04946020587496862,0.0002510670348983179,0.3552598543811197,AFI,1
0.08384074941451991,0.2920374707259953,0.2903981264637002,0.1822014051522248,0.1215456674473068,0.0297423887587822,0.000234192037470726,AFI,1
0.0004189359028068705,0.2350230414746544,0.1059907834101383,0.5781315458734814,0.05906996229576875,0.006284038542103058,0.01508169250104734,AFI,1
0.03978696741854636,0.3665413533834586,0.2985588972431077,0.2020676691729323,0.02005012531328321,0.004699248120300752,0.06829573934837092,AFI,1
0.1363862618218019,0.05973120955699353,0.3315082130413141,0.2548531607765057,0.08412145345943255,0.0004977600796416127,0.1329019412643106,AFI,1
0.1361985472154964,0.6446731234866828,0.1234866828087167,0.02179176755447942,0.0006053268765133171,0.03026634382566586,0.04297820823244552,AFI,1
0.000576036866359447,0.07315668202764977,0.1255760368663595,0.1658986175115207,0.09735023041474654,0.2021889400921659,0.3352534562211981,AFI,1
0.04826913700633837,0.0004875670404680643,0.2155046318868845,0.1335933690882496,0.08922476840565578,0.5124329595319356,0.0004875670404680643,NEG,0
0.05534967124925284,0.0001195457262402869,0.06706515242080095,0.1306634787806336,0.1917513448894202,0.4126718469814704,0.1423789599521817,NEG,0
0.2085181898846495,0.1277728482697427,0.09050576752440107,0.2023070097604259,0.1433007985803017,0.0004436557231588287,0.2271517302573203,AFI,1
0.2417164584464965,0.002172732210755024,0.1390548614883216,0.0706137968495383,0.2151004888647474,0.3025529603476371,0.02878870179250407,NEG,0
0.05906593406593407,0.001373626373626374,0.260989010989011,0.4821428571428572,0.001373626373626374,0.1552197802197802,0.03983516483516484,NEG,0
0.05244618395303326,0.1592954990215264,0.0990215264187867,0.2168297455968689,0.1154598825831703,0.0003913894324853229,0.3565557729941292,AFI,1
0.1188508461235734,0.2896497441951987,0.1160960251869343,0.1711924439197167,0.01692247146792602,0.0003935458480913026,0.2868949232585596,AFI,1
0.0005807200929152149,0.1387921022067364,0.321718931475029,0.1550522648083624,0.264808362369338,0.03716608594657375,0.08188153310104529,AFI,1
0.03435804701627486,0.1778179626280892,0.5280289330922242,0.0006027727546714888,0.08499095840867993,0.07655213984327908,0.09764918625678119,AFI,1
0.1623376623376623,0.1310876623376623,0.3896103896103896,0.0174512987012987,0.1452922077922078,0.1538149350649351,0.0004058441558441558,NEG,0
0.3468406593406593,0.02472527472527473,0.2218406593406594,0.1401098901098901,0.07760989010989011,0.1256868131868132,0.06318681318681318,NEG,0
0.1252747252747253,0.002197802197802198,0.3560439560439561,0.002197802197802198,0.4945054945054945,0.002197802197802198,0.01758241758241758,NEG,0
0.03420096852300242,0.487590799031477,0.2333535108958838,0.188861985472155,0.05538740920096853,0.0003026634382566586,0.0003026634382566586,AFI,1
0.005886970172684458,0.0003924646781789639,0.06907378335949764,0.04160125588697017,0.173469387755102,0.2751177394034537,0.434458398744113,NEG,0
0.02929085303186022,0.01849948612538541,0.6372045220966084,0.09403905447070915,0.1300102774922919,0.09044193216855087,0.0005138746145940391,NEG,0
0.3919674631418403,0.03965429588205389,0.4026436197254702,0.007625826131164209,0.04321301474326385,0.03253685815963396,0.08235892221657345,NEG,0
0.3127669672520171,0.003796867584242999,0.07688656858092074,0.1532985287138111,0.0004746084480303749,0.2097769340294257,0.242999525391552,NEG,0
0.2269253380364492,0.04174015285126396,0.3668430335097002,0.0005878894767783657,0.0582010582010582,0.1693121693121693,0.1363903586125808,NEG,0
0.09848024316109422,0.09422492401215805,0.2984802431610942,0.2006079027355623,0.05167173252279635,0.03465045592705167,0.2218844984802432,NEG,0
0.3809523809523809,0.05098605098605098,0.03751803751803752,0.02405002405002405,0.1486291486291486,0.3001443001443002,0.05772005772005772,NEG,0
0.3388210302708444,0.004248539564524694,0.07116303770578863,0.1455124800849708,0.1417950079660117,0.219861922464153,0.07859798194370685,NEG,0
0.3822605965463108,0.02786499215070644,0.3080847723704866,0.1020408163265306,0.04709576138147566,0.02786499215070644,0.1047880690737834,NEG,0
0.1598845598845599,0.03665223665223665,0.1275613275613276,0.1619047619047619,0.2992784992784993,0.2144300144300144,0.0002886002886002886,NEG,0
0.01800138472190168,0.1068543734133395,0.113316408954535,0.446111239326102,0.1698592199399954,0.06646665128086776,0.07939072236325871,AFI,1
0.05470572984184599,0.0002592688618096966,0.2616022815659839,0.0002592688618096966,0.08918848846253566,0.1581540057039149,0.4358309567021001,AFI,1
0.1310751104565538,0.05547373588610702,0.1688757977417771,0.357879234167894,0.02798232695139911,0.0039273441335297,0.2547864506627393,AFI,1
0.4025682182985554,0.06324237560192617,0.1171749598715891,0.1036918138041734,0.1486356340288925,0.1149277688603531,0.04975922953451043,NEG,0
0.2868998221695317,0.01304090100770599,0.2329579134558388,0.00889152341434499,0.03378778897451096,0.0005927682276229994,0.4238292827504446,NEG,0
0.04849279161205767,0.0553735255570118,0.4567496723460026,0.190694626474443,0.000327653997378768,0.04161205766710354,0.2067496723460026,AFI,1
0.06693306693306693,0.0879120879120879,0.2977022977022977,0.1403596403596404,0.04245754245754246,0.007492507492507492,0.3571428571428572,AFI,1
0.09252806813782424,0.3120402632597755,0.3012001548586914,0.2388695315524584,0.003097173828881146,0.02206736353077816,0.03019744483159117,AFI,1
0.283047619047619,0.06704761904761905,0.1523809523809524,0.2297142857142857,0.1630476190476191,0.03238095238095238,0.07238095238095238,AFI,1
0.0009398496240601503,0.4154135338345865,0.0009398496240601503,0.4483082706766917,0.09304511278195489,0.01409774436090225,0.02725563909774436,AFI,1
0.08140462889066241,0.08978451715881884,0.620510774142059,0.0003990422984836392,0.131683958499601,0.008778930566640064,0.06743814844373504,AFI,1
0.1209122203098107,0.1450086058519794,0.2564543889845095,0.03657487091222031,0.1901893287435456,0.1088640275387263,0.1419965576592083,NEG,0
0.046759941089838,0.1498527245949926,0.5287187039764359,0.046759941089838,0.0003681885125184094,0.08541973490427099,0.142120765832106,AFI,1
0.1395502645502645,0.121031746031746,0.3802910052910053,0.09788359788359788,0.1580687830687831,0.04232804232804233,0.06084656084656084,NEG,0
0.08172458172458172,0.2033462033462033,0.1628056628056628,0.2303732303732304,0.0006435006435006435,0.0006435006435006435,0.3204633204633204,AFI,1
0.06777050442818637,0.1432422025413939,0.1055063534847901,0.3750481324605314,0.0003850596842510589,0.07855217558721601,0.2294955718136311,AFI,1
0.0003033060357901122,0.07885956930542919,0.2232332423415226,0.03215043979375189,0.07885956930542919,0.2911737943585077,0.2954200788595693,AFI,1
0.194240542066629,0.1072840203274986,0.1665725578769057,0.4076792772444946,0.000564652738565782,0.02428006775832863,0.09937888198757763,AFI,1
0.2319706017455213,0.02618282039503904,0.2416169039963252,0.1001378043178686,0.3284336242535599,0.07119889756545705,0.0004593477262287551,NEG,0
0.09671084928816888,0.02454590083456063,0.2410407461953853,0.1310751104565538,0.2547864506627393,0.02110947471772214,0.2307314678448699,NEG,0
0.03316326530612244,0.03316326530612244,0.4736394557823129,0.3516156462585034,0.0004251700680272109,0.0778061224489796,0.03018707482993197,AFI,1
0.1771832407874811,0.08884401817264008,0.2089853609288238,0.3538616860171631,0.004038364462392731,0.00757193336698637,0.1595153962645129,AFI,1
0.4355701934952655,0.1012762453684644,0.2338410868670235,0.130094689172499,0.0004116920543433512,0.09839440098806095,0.0004116920543433512,NEG,0
0.2340272792534099,0.03553481694185211,0.3596554199569275,0.03302225412778177,0.113424264178033,0.1234745154343144,0.1008614501076813,NEG,0
0.1885902876001886,0.1852899575671853,0.181989627534182,0.04007543611504007,0.0004714757190004715,0.3503064592173503,0.05327675624705328,NEG,0
0.04431216931216931,0.3892195767195767,0.03042328042328042,0.2619047619047619,0.1207010582010582,0.0003306878306878307,0.1531084656084656,AFI,1
0.04761904761904762,0.4198412698412698,0.1087301587301587,0.2976190476190476,0.1170634920634921,0.003174603174603175,0.005952380952380952,AFI,1
0.3505494505494505,0.1043956043956044,0.2197802197802198,0.1428571428571429,0.1005494505494506,0.0005494505494505495,0.08131868131868132,NEG,0
0.06917293233082707,0.3533834586466165,0.05864661654135338,0.2902255639097744,0.06917293233082707,0.02180451127819549,0.137593984962406,AFI,1
0.00988748721445619,0.3058302079781793,0.3201500170473918,0.06000681895669963,0.0003409478349812479,0.04330037504261848,0.2604841459256734,AFI,1
0.005079365079365079,0.05841269841269841,0.4850793650793651,0.2761904761904762,0.0273015873015873,0.0006349206349206349,0.1473015873015873,AFI,1
0.3159588159588159,0.1132561132561132,0.09523809523809523,0.2033462033462033,0.04568854568854568,0.1673101673101673,0.0592020592020592,NEG,0
0.06443768996960486,0.00060790273556231,0.1623100303951368,0.0303951367781155,0.643161094224924,0.05592705167173252,0.04316109422492401,AFI,1
0.6409523809523809,0.03428571428571429,0.05428571428571428,0.0009523809523809524,0.0009523809523809524,0.07428571428571429,0.1942857142857143,NEG,0
0.1637852593266606,0.1319381255686988,0.1765241128298453,0.01516530178950561,0.3230209281164695,0.1170761298149833,0.07249014255383683,NEG,0
0.0004746084480303749,0.2562885619364025,0.4855244423350735,0.02040816326530612,0.0702420503084955,0.09017560512577123,0.07688656858092074,AFI,1
0.3315637065637065,0.02075289575289575,0.3518339768339768,0.013996138996139,0.0004826254826254826,0.2166988416988417,0.06467181467181467,NEG,0
0.2223719676549865,0.000673854447439353,0.1704851752021563,0.01482479784366577,0.02425876010781671,0.5053908355795148,0.06199460916442048,NEG,0
0.0006802721088435374,0.491156462585034,0.2435374149659864,0.05782312925170068,0.2054421768707483,0.0006802721088435374,0.0006802721088435374,AFI,1
0.1150886584141853,0.2040816326530612,0.1502174640347942,0.4008029441284711,0.05185680829708933,0.0003345600535296086,0.07761793241886919,AFI,1
0.03657487091222031,0.3076592082616179,0.2474182444061962,0.3046471600688468,0.08777969018932874,0.01549053356282272,0.0004302925989672977,AFI,1
0.0535318340196389,0.2353500158378207,0.3218245169464681,0.08457396262274312,0.2929996832435857,0.0003167564143173899,0.01140323091542604,AFI,1
0.0184331797235023,0.0005120327700972862,0.1725550435227855,0.06861239119303635,0.07936507936507936,0.6205837173579108,0.03993855606758832,NEG,0
0.1887755102040816,0.01345083487940631,0.2634508348794063,0.2699443413729128,0.0004638218923933209,0.01345083487940631,0.2504638218923933,AFI,1
0.1068616422947132,0.1186726659167604,0.2013498312710911,0.390326209223847,0.000562429696287964,0.1265466816647919,0.05568053993250843,AFI,1
0.101078167115903,0.0664869721473495,0.2205750224618149,0.3746630727762803,0.000449236298292902,0.06334231805929919,0.1734052111410602,AFI,1
0.009189640768588136,0.2138680033416875,0.178780284043442,0.4974937343358396,0.06182121971595655,0.0004177109440267335,0.03842940685045948,AFI,1
0.006774090107423441,0.003968253968253968,0.04942279942279942,0.1765271765271765,0.03118486451819785,0.4422398589065256,0.2898829565496232,AFI,1
0.04761904761904762,0.04761904761904762,0.7142857142857143,0.04761904761904762,0.04761904761904762,0.04761904761904762,0.04761904761904762,NEG,0
0.06093042404281597,0.1733223548785509,0.2828324413338822,0.1128036228900782,0.04940304652120214,0.2050226430629889,0.1156854672704817,AFI,1
0.06166495375128468,0.05087358684480987,0.34224049331963,0.1156217882836588,0.1228160328879754,0.04008221993833504,0.2667009249743063,AFI,1
0.0002834467120181406,0.147108843537415,0.1530612244897959,0.1729024943310657,0.1292517006802721,0.139172335600907,0.2582199546485261,AFI,1
0.03229813664596273,0.4149068322981366,0.1105590062111801,0.01200828157349897,0.1511387163561077,0.1018633540372671,0.1772256728778468,AFI,1
0.2015826738858809,0.0004164931278633902,0.1316118284048313,0.01499375260308205,0.1141191170345689,0.5106205747605165,0.02665556018325697,NEG,0
0.3703571428571428,0.0003571428571428571,0.05535714285714285,0.09285714285714286,0.0003571428571428571,0.2703571428571429,0.2103571428571429,NEG,0
0.2439975990396158,0.0003001200480192077,0.1263505402160864,0.02130852340936374,0.0738295318127251,0.4267707082833133,0.1074429771908764,NEG,0
0.05296950240770466,0.06420545746388442,0.05671482075976458,0.5585874799357945,0.1615837346174425,0.06795077581594436,0.03798822899946495,AFI,1
0.09019091507570771,0.1017116524028966,0.2653061224489796,0.07636603028308098,0.1685319289005925,0.05562870309414088,0.2422646477946017,NEG,0
0.1078619367209971,0.4199424736337488,0.09108341323106424,0.2454458293384468,0.01390220517737296,0.003835091083413231,0.1179290508149569,AFI,1
0.01692901692901693,0.1562221562221562,0.2601722601722601,0.4119394119394119,0.000297000297000297,0.05227205227205227,0.1021681021681022,AFI,1
0.08006279434850863,0.1432496075353218,0.5416012558869702,0.08281004709576138,0.01962323390894819,0.09929356357927788,0.03335949764521193,AFI,1
0.1491045397750937,0.1199500208246564,0.2453144523115368,0.1257809246147439,0.003331945022907122,0.07913369429404414,0.2773844231570179,NEG,0
0.112312030075188,0.05639097744360902,0.2603383458646616,0.3228383458646616,0.0531015037593985,0.1781015037593985,0.01691729323308271,AFI,1
0.08807212205270458,0.2579750346740638,0.5298196948682385,0.0006934812760055478,0.005547850208044382,0.0006934812760055478,0.1171983356449376,AFI,1
0.06091527520098949,0.3228200371057514,0.160482374768089,0.2362399505256648,0.0977118119975263,0.0003092145949288806,0.1215213358070501,AFI,1
0.03657834101382489,0.4297235023041475,0.1313364055299539,0.2865783410138249,0.103110599078341,0.0002880184331797235,0.01238479262672811,AFI,1
0.2017343678685532,0.08352350524874487,0.3199452304883615,0.0004564125969876769,0.1346417161113647,0.1985394796896394,0.0611592879963487,NEG,0
0.02771855010660981,0.01030561478322672,0.1247334754797441,0.1794598436389481,0.271499644633973,0.3660270078180526,0.02025586353944563,NEG,0
0.000327653997378768,0.0163826998689384,0.2159239842726081,0.3030799475753604,0.01867627785058978,0.2663826998689384,0.1792267365661861,AFI,1
0.0003224766204450177,0.06578523057078361,0.1380199935504676,0.2824895195098355,0.03869719445340213,0.072557239600129,0.4021283456949371,AFI,1
0.0758590879619624,0.00929327858223471,0.1409120380376054,0.3390966068727037,0.01231899719040415,0.1499891938621137,0.272530797492976,NEG,0
0.02517564402810304,0.2587822014051522,0.07845433255269321,0.2382903981264637,0.2218969555035129,0.008782201405152224,0.1686182669789227,AFI,1
